file,sha256,source_url,author,license,license_url,notes
af1-white-lv8-1.jpg,0303d84f556a263a77ab56cab8b36b63b4958b18b5e99037bb59f450f4525b63,https://www.flickr.com/photos/38142119@N00/53783096186,The Marmot,CC-BY-2.0,https://creativecommons.org/licenses/by/2.0/,"""Nike Air Force 1 '07 LV8"" via flickr; resized, metadata removed"
af1-bespoke-navy-1.jpg,8496733a2ceb238747f14915ea2c656a30101195fbfc2d4468ab9f734c77ec77,https://www.flickr.com/photos/31506530@N00/4844640128,kdoohan,CC-BY-2.0,https://creativecommons.org/licenses/by/2.0/,"""Nike AF1 Bespokes by Kevin Doohan (pair left)"" via flickr; resized, metadata removed"
af1-bespoke-navy-2.jpg,663c41797c89c4010dcd3ec00bbe678149d82b8d8a44f0a97b053b2fbd9a2fde,https://www.flickr.com/photos/31506530@N00/4844022681,kdoohan,CC-BY-2.0,https://creativecommons.org/licenses/by/2.0/,"""Nike AF1 Bespokes by Kevin Doohan (pair right)"" via flickr; resized, metadata removed"
af1-bespoke-navy-3.jpg,82323759d82205ab7d608f6ee5c6376df47a2bf2f9fb68722c53f4041aceed6e,https://www.flickr.com/photos/31506530@N00/4844639206,kdoohan,CC-BY-2.0,https://creativecommons.org/licenses/by/2.0/,"""Nike AF1 Bespokes by Kevin Doohan (top view)"" via flickr; resized, metadata removed"
samba-green-1.jpg,ee629bc0c39a556f410ef6ce46bb4dcb117ee3e9a9fb3a42d447ed2e5c5845fc,https://www.flickr.com/photos/10978503@N00/916179296,Glen Bowman,CC-BY-SA-2.0,https://creativecommons.org/licenses/by-sa/2.0/,"""My Rare Trainers - Adidas Samba Vintage Green"" via flickr; resized, metadata removed"
samba-green-2.jpg,9950bbbdbef199caf083da0df6838e46523a74b03489c771bfd3a08d1e058059,https://www.flickr.com/photos/10978503@N00/916176752,Glen Bowman,CC-BY-SA-2.0,https://creativecommons.org/licenses/by-sa/2.0/,"""My Rare Trainers - Adidas Samba Vintage Green"" via flickr; resized, metadata removed"
samba-green-3.jpg,c16f05493d2aa1904c399e0b8f49144131b2b31e0056b3282e6fc624b69b522c,https://www.flickr.com/photos/10978503@N00/916174078,Glen Bowman,CC-BY-SA-2.0,https://creativecommons.org/licenses/by-sa/2.0/,"""My Rare Trainers - Adidas Samba Vintage Green"" via flickr; resized, metadata removed"
samba-black-1.jpg,71f8d7ca6d56c09360eb8dfe13aaca8a0d5110c52959289bd8b4cc00e01c1c77,https://www.flickr.com/photos/10978503@N00/916196878,Glen Bowman,CC-BY-SA-2.0,https://creativecommons.org/licenses/by-sa/2.0/,"""My Rare Trainers - Adidas Samba Black"" via flickr; resized, metadata removed"
samba-black-2.jpg,b496ed4cd609ae4ea44160cb88bb48c2da51f10fb322b93e1dd2de92c75945cd,https://www.flickr.com/photos/10978503@N00/915356399,Glen Bowman,CC-BY-SA-2.0,https://creativecommons.org/licenses/by-sa/2.0/,"""My Rare Trainers - Adidas Samba Black"" via flickr; resized, metadata removed"
samba-black-3.jpg,51e4fdb2d7284f636e852206a429cdde6181fbee184cf07ec579b18e0773df40,https://www.flickr.com/photos/10978503@N00/915348685,Glen Bowman,CC-BY-SA-2.0,https://creativecommons.org/licenses/by-sa/2.0/,"""My Rare Trainers - Adidas Samba Black Tongue Down"" via flickr; resized, metadata removed"
samba-black-4.jpg,4a64e94d92386bc8e5d36515327e8c14c3b7bd3d354b3e8d74bf01f5defde780,https://www.flickr.com/photos/10978503@N00/916191298,Glen Bowman,CC-BY-SA-2.0,https://creativecommons.org/licenses/by-sa/2.0/,"""My Rare Trainers - Adidas Samba Black Tongue Down"" via flickr; resized, metadata removed"
chuck-green-hi-1.jpg,3585a73f9b00f1280b137c942f5b323bdd81666df6a3e923248cd257767fc891,https://www.flickr.com/photos/25907430@N06/4212531360,Valdemarick,CC-BY-SA-2.0,https://creativecommons.org/licenses/by-sa/2.0/,"""Converse - Chuck Taylor - All Star"" via flickr; resized, metadata removed"
chuck-silver-hi-1.jpg,5d38be03ab67d379815539b95351ac6e45472f73ee281a7ff9872b566da6a710,https://www.flickr.com/photos/24491636@N00/4333163455,jayceeloop,CC-BY-2.0,https://creativecommons.org/licenses/by/2.0/,"""Converse Chuck Taylor Hi-tops Optical White"" via flickr; resized, metadata removed"
chuck-silver-hi-2.jpg,701d662125ca90bb69b33a281cadeb821ee0413b053e676714a4ba520c325fb3,https://www.flickr.com/photos/24491636@N00/4333906740,jayceeloop,CC-BY-2.0,https://creativecommons.org/licenses/by/2.0/,"""Converse Chuck Taylor Hi-tops Optical White"" via flickr; resized, metadata removed"
chuck-silver-hi-3.jpg,d44f8e102a889a3dfc82ed4c27496ebdc1a783a93e90021ea0ee508b294dcaf9,https://www.flickr.com/photos/24491636@N00/4333908388,jayceeloop,CC-BY-2.0,https://creativecommons.org/licenses/by/2.0/,"""Converse Chuck Taylor Hi-tops Optical White"" via flickr; resized, metadata removed"
chuck-custom-hi-1.jpg,2c65f97f5d2383121631d823083a2e214c32551122e04a51e3ff1b0f93bc192f,https://www.flickr.com/photos/78593866@N00/5286073995,zombieite,CC-BY-2.0,https://creativecommons.org/licenses/by/2.0/,"""new custom converse chuck taylor all-stars"" via flickr; resized, metadata removed"
chuck-black-low-1.jpg,48178c800f07bff3b83695cef4f079636798cfb0c1a10a8d4ae2ccf04fa04cf5,https://www.flickr.com/photos/54602205@N00/6644708283,Richard Elzey,CC-BY-2.0,https://creativecommons.org/licenses/by/2.0/,"""Chuck Taylors"" via flickr; resized, metadata removed"
chuck-plaid-hi-1.jpg,3e4b1719179d0b912db31396aa1ebcdde70ecc7a4906a80314554307a10353f1,https://www.flickr.com/photos/85546319@N04/14692791588,Menswear Market,CC-BY-2.0,https://creativecommons.org/licenses/by/2.0/,"""Plaid Converse / Made in USA"" via flickr; resized, metadata removed"
vans-oldskool-black-1.jpg,02774365982343268ea9eb0e47c309cdfe54ae8b0a86b79f69595b7bf2a24b9a,https://www.flickr.com/photos/158340289@N08/36948272712,KARL Karacho@YouTube,CC-BY-SA-2.0,https://creativecommons.org/licenses/by-sa/2.0/,"""Vans Old Skool @Karl"" via flickr; resized, metadata removed"
vans-oldskool-black-2.jpg,405a7ca73124f66850b6fde1717e1e09796a87ce1ba03013855f5107d12834ce,https://www.flickr.com/photos/158340289@N08/37118514895,KARL Karacho@YouTube,CC-BY-SA-2.0,https://creativecommons.org/licenses/by-sa/2.0/,"""Vans Old Skool"" via flickr; resized, metadata removed"
vans-oldskool-navy-1.jpg,6757eb779a52b5564a74a4ddb9fe6211dc01e9c8bc7b122b3d67627964e5d2d1,https://www.flickr.com/photos/144332934@N04/27610218422,reeqhair,CC-BY-2.0,https://creativecommons.org/licenses/by/2.0/,"""Vans old skool"" via flickr; resized, metadata removed"
vans-oldskool-navy-2-1.jpg,0de1447849fbd6b1f5fda27c7fd4138e83b60814e8f068c847c958ed887087ab,https://www.flickr.com/photos/41538865@N06/53624936720,marsupilami92,CC-BY-2.0,https://creativecommons.org/licenses/by/2.0/,"""VANS OLD SKOOL"" via flickr; resized, metadata removed"
vans-oldskool-worn-1.jpg,81b6c0924b39626ed2b2ad994ef0431ebaf85eafc4cd4cb15c9a6973c4fcfc6a,https://www.flickr.com/photos/34551277@N03/4182428747,strungouted,CC-BY-SA-2.0,https://creativecommons.org/licenses/by-sa/2.0/,"""Old Skool"" via flickr; resized, metadata removed"
vans-black-2-1.jpg,a0ee7346435530e239df51ad390ae4d23011cac23fe4d45391657a8b0772581a,https://www.flickr.com/photos/92028474@N00/391427636,Kristian Thøgersen,CC-BY-2.0,https://creativecommons.org/licenses/by/2.0/,"""The Vans"" via flickr; resized, metadata removed"
vans-chukka-green-1.jpg,e9661de2fbcabf05adfe0f4eea016f90474a016186bd3716ad96037b33a240a1,https://www.flickr.com/photos/47334334@N00/5106849015,kamalayan,CC-BY-2.0,https://creativecommons.org/licenses/by/2.0/,"""Vans Chukka Low"" via flickr; resized, metadata removed"
nb-574-pastel-1.jpg,a9077de84b0748df88ec4d6cdd64d65c202b15658cbbfe0f4c6399fb1822964a,https://www.rawpixel.com/image/6112112/photo-image-public-domain-blue-pink,rawpixel,CC0-1.0,https://creativecommons.org/publicdomain/zero/1.0/,"""New Balance, sneaker pastel colors"" via rawpixel; resized, metadata removed"
nb-997-blue-1.jpg,f992121f83695048bd8a05df066ef087f060d5f60e08899f4521d726b5518151,https://www.flickr.com/photos/20035490@N00/366044418,sling@flickr,CC-BY-2.0,https://creativecommons.org/licenses/by/2.0/,"""New Balance 997"" via flickr; resized, metadata removed"
nb-runner-yellow-1.jpg,504a9d1c7266871a02dfc01d6f7100bf1f4b4a3c5abb66f31cc0c228e651b693,https://www.flickr.com/photos/14771153@N04/5574543828,slgckgc,CC-BY-2.0,https://creativecommons.org/licenses/by/2.0/,"""Day 89 - After The Run"" via flickr; resized, metadata removed"
nb-runner-yellow-2.jpg,b3987e2c919c341f86e1d13d8151d944f281bc5e58d82e68318b8ce1e0651797,https://www.flickr.com/photos/14771153@N04/5573933363,slgckgc,CC-BY-2.0,https://creativecommons.org/licenses/by/2.0/,"""New Balance Running Shoes"" via flickr; resized, metadata removed"
nb-990-womens-1.jpg,eb8b8efdc82c2d286be4e724c1700146bf76f636134b0ed2061b93a22bcab670,https://www.flickr.com/photos/14771153@N04/8514878817,slgckgc,CC-BY-2.0,https://creativecommons.org/licenses/by/2.0/,"""New Balance Women's 990 Running Shoes"" via flickr; resized, metadata removed"
nb-1260-silver-1.jpg,55f02c68d45abb47798513fc4702e8a308935e6cff3887acbcba8afc88ac65df,https://www.flickr.com/photos/14771153@N04/6869591581,slgckgc,CC-BY-2.0,https://creativecommons.org/licenses/by/2.0/,"""New Balance 1260 Running Shoes"" via flickr; resized, metadata removed"
aj1-bred-1.jpg,b91bbf86ea0d8382f211f1527f6523d8ed7895fc17ffc78bdbc5b3060bd5bb58,https://www.flickr.com/photos/61412481@N06/29361675221,Mak Ting Him,CC-BY-2.0,https://creativecommons.org/licenses/by/2.0/,"""Air Jordan 1"" via flickr; resized, metadata removed"
aj1-mid-crimson-1.jpg,6eeb83a15c463fed875fc4817e3b5a1f918a1932fb9cc8e90a057fc8b614015d,https://www.flickr.com/photos/83136374@N05/49688016508,ajay_suresh,CC-BY-2.0,https://creativecommons.org/licenses/by/2.0/,"""Air Jordan 1 - Crimson Tint"" via flickr; resized, metadata removed"
stan-smith-white-1.jpg,93f9f1c36c4df7dca2492473d1e467b0a92e23581bd04494cbf5f8c0ebe9de99,https://www.flickr.com/photos/29002012@N00/28338648685,cinz,CC-BY-2.0,https://creativecommons.org/licenses/by/2.0/,"""adidas STAN SMITH (ABC-Mart Ver.)"" via flickr; resized, metadata removed"
stan-smith-beige-1.jpg,a8286163810cebe53ecfd7e13782c0c2c2f66ac71a745ac55996d672fe930cb2,https://www.flickr.com/photos/54217251@N05/24348194606,halfrain,CC-BY-SA-2.0,https://creativecommons.org/licenses/by-sa/2.0/,"""Fourness"" via flickr; resized, metadata removed"
airmax-black-1.jpg,a783244d12d3dacda40b78e12c13ad81be63b89cc0cc3a45299227bd76368aad,https://www.flickr.com/photos/99648647@N00/94994097,flows_2000,CC-BY-SA-2.0,https://creativecommons.org/licenses/by-sa/2.0/,"""Nike Air Max"" via flickr; resized, metadata removed"
airmax-runlite-1.jpg,00d211189dbc75b470e8d778e72cb0045ffbd8c0b965b5729a492a1743c4d3e4,https://www.flickr.com/photos/40683329@N00/4360642567,Affiliate,CC-BY-2.0,https://creativecommons.org/licenses/by/2.0/,"""Sneaker Porn - Nike Air Max Run Lite+"" via flickr; resized, metadata removed"
am90-infrared-1.jpg,03d1ae6dec5368ea26cdbb7a95b75893ac31005ba53b61c1634a44e41da33a5d,https://www.flickr.com/photos/8599338@N04/4823704452,achimh,CC-BY-SA-2.0,https://creativecommons.org/licenses/by-sa/2.0/,"""Nike Air Max 90 Infrared"" via flickr; resized, metadata removed"
airmax-breathe-1.jpg,a01775e42fffaa80a6fe94fc0a183feafd1d22adc72ff7827d7a3ef8721623df,https://www.flickr.com/photos/40136875@N00/153951466,JCTennis.com,CC-BY-SA-2.0,https://creativecommons.org/licenses/by-sa/2.0/,"""Nike Air Max Breathe Free II's"" via flickr; resized, metadata removed"
tn-black-rainbow-1.jpg,7508a34f64262f6146daa7c8892783967d836729ed1f2605f5f1f0a88e36de47,https://www.flickr.com/photos/10978503@N00/916269208,Glen Bowman,CC-BY-SA-2.0,https://creativecommons.org/licenses/by-sa/2.0/,"""My Rare Trainers - Nike Air Max TN Black Rainbow"" via flickr; resized, metadata removed"
tn-black-rainbow-2.jpg,66a0ab634f602590751db56cda90661db96c7d8ebafbc84079055eaeb5b0062c,https://www.flickr.com/photos/10978503@N00/916267328,Glen Bowman,CC-BY-SA-2.0,https://creativecommons.org/licenses/by-sa/2.0/,"""My Rare Trainers - Nike Air Max TN Black Rainbow"" via flickr; resized, metadata removed"
tn-black-rainbow-3.jpg,56dbdb99fbf00ae0479f4b1dbf7e852062aeed15a56eb66dc7aabfce08ce3cd1,https://www.flickr.com/photos/10978503@N00/916264498,Glen Bowman,CC-BY-SA-2.0,https://creativecommons.org/licenses/by-sa/2.0/,"""My Rare Trainers - Nike Air Max TN Black Rainbow"" via flickr; resized, metadata removed"
am1-viotech-1.jpg,7f1feba933a1d4fd673b9776f35bc45ca995e55d4df0ab7f534a80583a77d094,https://www.flickr.com/photos/20035490@N00/378243686,sling@flickr,CC-BY-2.0,https://creativecommons.org/licenses/by/2.0/,"""Nike Air Max 1 x Atmos - Viotech"" via flickr; resized, metadata removed"
airmax-red-silver-1.jpg,0a9ed4abb4301b74c03af596a299195f7835169afe48851cb7d1d98fbd212e9d,https://www.flickr.com/photos/10978503@N00/915462163,Glen Bowman,CC-BY-SA-2.0,https://creativecommons.org/licenses/by-sa/2.0/,"""My Rare Trainers - Nike Air Max Red Silver"" via flickr; resized, metadata removed"
am90-infrared-2-1.jpg,65f1c89e2f02169da05bb004733d7154b439ee526c93a5c719aefc31dddba7a5,https://www.flickr.com/photos/29322132@N08/4805905007,chrishimself,CC-BY-2.0,https://creativecommons.org/licenses/by/2.0/,"""Nike Air Max 90 Infrared"" via flickr; resized, metadata removed"
airmax-silver-black-1.jpg,f380f2432a76bad7e4805b1b25bbb6dd89af9e96647e56aeeb946d131025c61d,https://www.flickr.com/photos/10978503@N00/915438459,Glen Bowman,CC-BY-SA-2.0,https://creativecommons.org/licenses/by-sa/2.0/,"""My Rare Trainers - Nike Air Max Silver and Black"" via flickr; resized, metadata removed"
airmax-grey-1.jpg,c5cd24ce2590a1638647ffc92aec69e4c749fa7e914cb52ccb4a4df0db91410d,https://www.flickr.com/photos/10978503@N00/915476987,Glen Bowman,CC-BY-SA-2.0,https://creativecommons.org/licenses/by-sa/2.0/,"""My Rare Trainers - Nike Air Max Grey"" via flickr; resized, metadata removed"
puma-easy-rider-1.jpg,ec471df3e969616b8848dd5a8ac1e7bf604290f6848c425713a9f2f3d5c9e57a,https://www.flickr.com/photos/93732749@N00/6776666570,Robert Stinnett,CC-BY-2.0,https://creativecommons.org/licenses/by/2.0/,"""Puma Easy Rider 78's - Retro Kicks!"" via flickr; resized, metadata removed"
puma-easy-rider-2.jpg,f9264865beb78d94374cdec6fef1096b7c3c32a6124563167ce54c19ae6a0df2,https://www.flickr.com/photos/93732749@N00/6776667074,Robert Stinnett,CC-BY-2.0,https://creativecommons.org/licenses/by/2.0/,"""Puma Easy Rider 78's - Retro Kicks!"" via flickr; resized, metadata removed"
puma-easy-rider-3.jpg,0db82de42b27ca5f8b91ce7d8a38f6374207e2b5a4bbc27369ee2c627b24c553,https://www.flickr.com/photos/93732749@N00/6776666450,Robert Stinnett,CC-BY-2.0,https://creativecommons.org/licenses/by/2.0/,"""Puma Easy Rider 78's - Retro Kicks!"" via flickr; resized, metadata removed"
reebok-teal-1.jpg,edd78bf693620c7b1895508dc87b8f28dc87353b553a5ba3e32a6586f97ad5f2,https://www.flickr.com/photos/35914417@N00/1804181434,Seo2 | Por Puro Amor Al Rap,CC-BY-2.0,https://creativecommons.org/licenses/by/2.0/,"""Reebok Classic"" via flickr; resized, metadata removed"
reebok-classic-white-1.jpg,f346d00a0c8079832863bf42a9f0df5a94fbe5d6e0f57b31316fd0d6154a4371,https://www.flickr.com/photos/26148267@N07/31908213133,Jimmy Benson,CC-BY-2.0,https://creativecommons.org/licenses/by/2.0/,"""REEBOK CLASSIC"" via flickr; resized, metadata removed"
dunk-sbtg-1.jpg,d867b85fae303d50e91f6ef3b0969f25ed82a30b1d15344291aba418d7561b74,https://www.flickr.com/photos/8929074@N03/3172325944,In My Eyes Photo,CC-BY-2.0,https://creativecommons.org/licenses/by/2.0/,"""Nike Dunk x SBTG x Methamphibian Collaboration"" via flickr; resized, metadata removed"
dunk-sbtg-2.jpg,fe6b0955acbef89ad9438b0a956debbd62881fb7eff12a03a8578ab6ba319ece,https://www.flickr.com/photos/8929074@N03/3172292234,In My Eyes Photo,CC-BY-2.0,https://creativecommons.org/licenses/by/2.0/,"""Nike Dunk x SBTG x Methamphibian Collaboration"" via flickr; resized, metadata removed"
dunk-brown-1.jpg,1fae33a77b2522000b7c63a78e4fd9b525cae768fd6a2264ba9e0f7ce1969b96,https://www.flickr.com/photos/27636029@N05/4253630260,Jhong Dizon | Photography,CC-BY-2.0,https://creativecommons.org/licenses/by/2.0/,"""Nike Dunk"" via flickr; resized, metadata removed"
dunk-sb-camo-1.jpg,27bce4188f69035271e1869ccad3f5847f347a8e2bad5fb4dc7710b327d41f0b,https://www.flickr.com/photos/20035490@N00/258366227,sling@flickr,CC-BY-2.0,https://creativecommons.org/licenses/by/2.0/,"""SBTG x Nike Dunk Skateboarding"" via flickr; resized, metadata removed"
dunk-sb-wheat-1.jpg,d418b5777cfde315b4914bfa1c2a821629db979de90e3caff51317e29231211a,https://www.flickr.com/photos/20035490@N00/219012613,sling@flickr,CC-BY-2.0,https://creativecommons.org/licenses/by/2.0/,"""Nike Dunk SB Wheats"" via flickr; resized, metadata removed"
dunk-red-1.jpg,3894f6b523265b0b92423187d51cb325af088f5502fb15702d62a83bb0d279f0,https://www.flickr.com/photos/27966242@N08/31428271605,HRYMX,CC-BY-2.0,https://creativecommons.org/licenses/by/2.0/,"""Red Nike Dunks"" via flickr; resized, metadata removed"
dunk-aqua-1.jpg,290145a5e8bc6b536f8dc787f566db8eaf0593f46d4a679f94b3de35f8020d3c,https://www.flickr.com/photos/72538882@N00/1280312136,docmonstereyes,CC-BY-2.0,https://creativecommons.org/licenses/by/2.0/,"""Nike Dunk Aqua Chalk"" via flickr; resized, metadata removed"
superstar-redman-1.jpg,44550a239ce715a7fde01e22b4e56e07ae7b32eb8d7d55dd95109bce9a77555c,https://www.flickr.com/photos/8599338@N04/4520662525,achimh,CC-BY-SA-2.0,https://creativecommons.org/licenses/by-sa/2.0/,"""adidas Superstar II PT (Def Jam) Redman"" via flickr; resized, metadata removed"
superstar-crk-1.jpg,bd10c2aacdf34d3a0c18db55864d3b9bb061e8fe4c685073844421e9d432186a,https://www.flickr.com/photos/10978503@N00/2718036332,Glen Bowman,CC-BY-SA-2.0,https://creativecommons.org/licenses/by-sa/2.0/,"""My Rare Trainers - Adidas Superstar CRK"" via flickr; resized, metadata removed"
superstar-crk-2.jpg,1453f8fc72acaf3c3309df620b8c7c69e137fd9785ccfdf2742954878c371f58,https://www.flickr.com/photos/10978503@N00/2718037322,Glen Bowman,CC-BY-SA-2.0,https://creativecommons.org/licenses/by-sa/2.0/,"""My Rare Trainers - Adidas Superstar CRK"" via flickr; resized, metadata removed"
superstar-crk-3.jpg,9774594d0dc962dc895511969a71ef2d277258028b35edb76872a7a5bf46d9c6,https://www.flickr.com/photos/10978503@N00/2718036860,Glen Bowman,CC-BY-SA-2.0,https://creativecommons.org/licenses/by-sa/2.0/,"""My Rare Trainers - Adidas Superstar CRK"" via flickr; resized, metadata removed"
superstar-80s-1.jpg,b5d509b7feebdc46eaeb21f0b52fc6a168445418edb863dc9cf2237b81043b03,https://www.flickr.com/photos/10978503@N00/915309437,Glen Bowman,CC-BY-SA-2.0,https://creativecommons.org/licenses/by-sa/2.0/,"""My Rare Trainers - Adidas Superstar 80's Black with White Shell Toe an"" via flickr; resized, metadata removed"
superstar-80s-2.jpg,87417efb90066a3ed54b55ecf35802304184557cbe878e0aa5895f86620695fa,https://www.flickr.com/photos/10978503@N00/915307411,Glen Bowman,CC-BY-SA-2.0,https://creativecommons.org/licenses/by-sa/2.0/,"""My Rare Trainers - Adidas Superstar 80's Black with White Shell Toe an"" via flickr; resized, metadata removed"
superstar-80s-3.jpg,6844770abf7c0d46f69862e646e5c43358f847acaff1af1cc05a47f2b9b3f9ef,https://www.flickr.com/photos/10978503@N00/915311125,Glen Bowman,CC-BY-SA-2.0,https://creativecommons.org/licenses/by-sa/2.0/,"""My Rare Trainers - Adidas Superstar 80's Black with White Shell Toe an"" via flickr; resized, metadata removed"
superstar-mkii-black-1.jpg,b437b9e4432a113dec49c74e3278e8aa41d2173196430e4530902b9b44d62e8f,https://www.flickr.com/photos/10978503@N00/915315119,Glen Bowman,CC-BY-SA-2.0,https://creativecommons.org/licenses/by-sa/2.0/,"""My Rare Trainers - Adidas Superstar MKII Black with Black Shell Toe"" via flickr; resized, metadata removed"
superstar-mkii-black-2.jpg,8ab3353bfcf4be2d86a73fc83ca3bf1bdfac555bd9fba0229b9e1bd19fa85a2e,https://www.flickr.com/photos/10978503@N00/915316937,Glen Bowman,CC-BY-SA-2.0,https://creativecommons.org/licenses/by-sa/2.0/,"""My Rare Trainers - Adidas Superstar MKII Black with Black Shell Toe"" via flickr; resized, metadata removed"
superstar-mkii-black-3.jpg,11a58efab7ba6bb50f02308ca78910f198c81bb0c908858a58a1ebd0fa61a938,https://www.flickr.com/photos/10978503@N00/916164386,Glen Bowman,CC-BY-SA-2.0,https://creativecommons.org/licenses/by-sa/2.0/,"""My Rare Trainers - Adidas Superstar MKII Black with Black Shell Toe"" via flickr; resized, metadata removed"
